"Faturamento por dia Tradiça  ","","","","","","","","","","","",""
"Data ","","","","99","","","","","","","",""
"Quarta 01/10","R$ 864,20","R$ 1.127,38","R$ 391,88","","R$ 2.383,46","","TERÇA ","","","","",""
"Quinta 02/10 ","R$ 700,80","R$ 950,09","R$ 372,70","","R$ 2.023,59","","QUARTA ","","","","",""
"Sexta 03/10","R$ 1.790,20","R$ 1.542,68","R$ 759,62","","R$ 4.092,50","","QUINTA","","","","",""
"Sabado 04/10","R$ 807,30","R$ 1.044,84","R$ 441,80","","R$ 2.293,94","","SEXTA ","","","","",""
"Domingo 05/10","R$ 865,50","R$ 1.627,22","R$ 729,00","","R$ 3.221,72","","SABÁDO ","","","","",""
"Terça 07/10","R$ 1.394,80","R$ 589,87","R$ 536,20","","R$ 2.520,87","","DOMINGO ","","","","",""
"Quarta 08/10","R$ 1.207,00","R$ 927,20","R$ 607,75","","R$ 2.741,95","","","","","","",""
"Quinta 09/10","R$ 1.372,66","R$ 1.003,00","R$ 176,60","","R$ 2.552,26","","","","","","",""
"Sexta 10/10","R$ 1.086,79","R$ 1.127,84","R$ 1.083,14","","R$ 3.297,77","","","","","","",""
"Sabado 11/10","R$ 975,40","R$ 1.405,85","R$ 558,73","","R$ 2.939,98","","","","","","",""
"Domingo 12/10","R$ 593,79","R$ 1.449,03","R$ 980,91","","R$ 3.023,73","","","","","","",""
"Terça 14/10","R$ 610,46","R$ 997,10","R$ 255,90","","R$ 1.863,46","","","","","","",""
"Quarta 15/10","R$ 818,49","R$ 559,93","R$ 474,99","","R$ 1.853,41","","","","","","",""
"Quinta 16/10","R$ 939,80","R$ 647,46","R$ 605,40","","R$ 2.192,66","","","","","","",""
"Sexta 17/10","R$ 1.464,40","R$ 1.063,65","R$ 757,60","","R$ 3.285,65","","","","","","",""
"Sabado 18/10","R$ 1.320,10","R$ 1.150,70","R$ 880,42","","R$ 3.351,22","","","","","","",""
"Domingo 19/10","R$ 741,10","R$ 1.172,56","R$ 466,08","","R$ 2.379,74","","","","","","",""
"Terça 21/10","R$ 973,30","R$ 927,37","R$ 727,34","","R$ 2.628,01","","","","","","",""
"Quarta 22/10","R$ 681,90","R$ 841,07","R$ 359,70","","R$ 1.882,67","","","","","","",""
"Quinta 23/10","R$ 1.149,70","R$ 1.188,53","R$ 851,80","","R$ 3.190,03","","","","","","",""
"Sexta 24/10","R$ 1.597,76","R$ 1.470,71","R$ 1.289,06","","R$ 4.357,53","","","","","","",""
"Sabado 25/10","R$ 1.115,49","R$ 1.350,84","R$ 450,50","","R$ 2.916,83","","","","","","",""
"Domingo 26/10","R$ 1.252,79","R$ 2.099,64","R$ 650,61","","R$ 4.003,04","","","","","","",""
"Terça 28/10","R$ 1.157,80","R$ 999,43","R$ 689,90","","R$ 2.847,13","","","","","","",""
"Quarta 29/10","R$ 910,20","R$ 1.061,38","R$ 406,71","","R$ 2.378,29","","","","","","",""
"Quinta 30/10 ","R$ 1.346,59","R$ 1.077,99","R$ 607,28","","R$ 3.031,86","","","","","","",""
"Sexta 31/10","R$ 1.370,50","R$ 1.759,21","R$ 1.019,11","","R$ 4.148,82","","","","","","",""
"sabado 01/11","R$ 646,60","R$ 1.031,57","R$ 878,16","","R$ 2.556,33","","","","","","",""
"domingo 02/11","R$ 893,77","R$ 1.590,63","R$ 461,90","","R$ 2.946,30","","","","","","",""
"Terça 04/11","R$ 593,53","R$ 1.170,19","R$ 555,37","","R$ 2.319,09","","","","","","",""
"Quarta 05/11 ","R$ 885,44","R$ 603,72","R$ 405,10","","R$ 1.894,26","","","","","","",""
"Quinta 06/11","R$ 1.672,28","R$ 792,19","R$ 401,90","","R$ 2.866,37","","","","","","",""
"Sexta 07/11","R$ 1.717,64","R$ 1.538,07","R$ 1.218,75","","R$ 4.474,46","","","","","","",""
"Sabado 08/11","R$ 1.070,36","R$ 1.443,97","R$ 1.099,54","","R$ 3.613,87","","","","","","",""
"domingo 09/11","R$ 889,68","R$ 1.719,37","R$ 1.682,40","","R$ 4.291,45","","","","","","",""
"Terça 11/11","R$ 1.235,83","R$ 1.029,11","R$ 685,87","","R$ 2.950,81","","","","","","",""
"Quarta 12/11","R$ 1.863,36","R$ 1.001,04","R$ 827,81","","R$ 3.692,21","","","","","","",""
"Quinta 13/11","R$ 2.331,50","R$ 1.074,96","R$ 304,10","","R$ 3.710,56","","","","","","",""
"Sexta 14/11","R$ 2.818,25","R$ 1.568,15","R$ 873,35","","R$ 5.259,75","","","","","","",""
"sabado 15/11","R$ 1.510,21","R$ 1.588,66","R$ 1.593,94","","R$ 4.692,81","","","","","","",""
"domingo 16/11","R$ 1.102,30","R$ 1.888,89","R$ 1.613,70","","R$ 4.604,89","","","","","","",""
"Terça 18/11","R$ 922,28","R$ 619,17","R$ 635,80","","R$ 2.177,25","","","","","","",""
"Quarta 19/11","R$ 2.435,62","R$ 1.724,39","R$ 885,20","","R$ 5.045,21","","","","","","",""
"Quinta 20/11","R$ 1.226,51","R$ 1.062,47","R$ 1.029,00","","R$ 3.317,98","","","","","","",""
"Sexta 21/11","R$ 1.312,34","R$ 1.849,91","R$ 900,26","","R$ 4.062,51","","","","","","",""
"sabado 22/11","R$ 1.701,24","R$ 1.478,56","R$ 1.351,60","","R$ 4.531,40","","","","","","",""
"domingo 23/11","R$ 907,36","R$ 1.709,12","R$ 887,49","","R$ 3.503,97","","","","","","",""
"Terça 25/11","R$ 1.248,15","R$ 847,00","R$ 845,51","","R$ 2.940,66","","","","","","",""
"Quarta 26/11","R$ 995,63","R$ 778,45","R$ 374,10","","R$ 2.148,18","","","","","","",""
"Quinta 27/11","R$ 1.054,26","R$ 656,56","R$ 925,25","","R$ 2.636,07","","","","","","",""
"Sexta 28/11","R$ 1.566,58","R$ 851,93","R$ 948,59","","R$ 3.367,10","","","","","","",""
"sabado 29/11","R$ 1.149,70","R$ 1.213,60","R$ 950,28","","R$ 3.313,58","","","","","","",""
"domingo 30/11","R$ 902,56","R$ 1.492,07","R$ 985,00","","R$ 3.379,63","","","","","","",""
"Terça 02/12","R$ 902,37","R$ 933,64","R$ 572,20","","R$ 2.408,21","","","","","","",""
"Quarta 03/12","R$ 1.294,71","R$ 797,37","R$ 468,22","","R$ 2.560,30","","","","","","",""
"Quinta 04/12","R$ 1.008,12","R$ 840,58","R$ 647,80","","R$ 2.496,50","","","","","","",""
"Sexta 05/12 ","R$ 1.677,61","R$ 1.275,33","R$ 990,30","","R$ 3.943,24","","","","","","",""
"sabado 06/12","R$ 1.512,50","R$ 1.570,66","R$ 983,90","","R$ 4.067,06","","","","","","",""
"domingo 07/12","R$ 509,33","R$ 1.712,31","R$ 1.187,00","","R$ 3.408,64","","","","","","",""
"Terça 09/12","R$ 399,74","R$ 857,50","R$ 675,03","","R$ 1.932,27","","","","","","",""
"Quarta 10/12","R$ 575,95","R$ 820,41","R$ 486,52","","R$ 1.882,88","","","","","","",""
"Quinta 11/12","R$ 1.003,14","R$ 550,10","R$ 391,50","","R$ 1.944,74","","","","","","",""
"Sexta 12/12","R$ 1.724,62","R$ 980,56","R$ 787,51","","R$ 3.492,69","","","","","","",""
"sabado 13/12","R$ 1.382,79","R$ 1.604,11","R$ 513,10","","R$ 3.500,00","","","","","","",""
"domingo 14/12","R$ 671,10","R$ 952,16","R$ 933,03","","R$ 2.556,29","","","","","","",""
"Terça 16/12","R$ 817,68","R$ 849,92","R$ 412,60","","R$ 2.080,20","","","","","","",""
"Quarta 17/12","R$ 897,50","R$ 952,25","R$ 495,00","","R$ 2.344,75","","","","","","",""
"Quinta 18/12","R$ 510,86","R$ 1.432,13","R$ 736,33","","R$ 2.679,32","","","","","","",""
"Sexta 19/12","R$ 1.448,54","R$ 2.427,28","R$ 630,31","","R$ 4.506,13","","","","","","",""
"sabado 20/12","R$ 1.618,57","R$ 1.550,87","R$ 1.149,60","","R$ 4.319,04","","","","","","",""
"domingo 21/12","R$ 1.204,11","R$ 2.023,87","R$ 932,83","","R$ 4.160,81","","","","","","",""
"Terça 23/12","R$ 938,53","R$ 1.525,39","R$ 649,80","","R$ 3.113,72","","","","","","",""
"Sexta 26/12","R$ 565,57","R$ 1.518,56","R$ 769,40","","R$ 2.853,53","","","","","","",""
"sabado 27/12","R$ 1.044,44","R$ 1.298,57","R$ 1.107,50","","R$ 3.450,51","","","","","","",""
"domingo 28/12","R$ 769,52","R$ 2.692,79","R$ 1.288,71","","R$ 4.751,02","","","","","","",""
"Terça 30/12 ","R$ 1.544,75","R$ 1.286,20","R$ 1.160,93","","R$ 3.991,88","","","","","","",""
"Quinta 01/01","R$ 757,95","R$ 6.624,75","R$ 2.245,80","","R$ 9.628,50","","","","","","",""
"Sexta 02/01","R$ 846,34","R$ 1.434,23","R$ 1.030,30","","R$ 3.310,87","","","","","","",""
"sabado 03/01","R$ 1.915,06","R$ 1.508,18","R$ 1.319,45","","R$ 4.742,69","","","","","","",""
"domingo 04/01","R$ 1.727,65","R$ 1.997,71","R$ 1.452,38","","R$ 5.177,74","","","","","","",""
"Terça 06/01","R$ 1.199,88","R$ 1.113,02","R$ 461,73","","R$ 2.774,63","","","","","","",""
"Qaurta 07/01","R$ 1.164,08","R$ 1.038,48","R$ 326,70","","R$ 2.529,26","","","","","","",""
"Quinta 08/01","R$ 1.150,67","R$ 752,65","R$ 790,20","","R$ 2.693,52","","","","","","",""
"Sexta 09/01","R$ 1.049,99","R$ 1.199,60","R$ 827,10","","R$ 3.076,69","","","","","","",""
"sabado 10/01","R$ 1.499,78","R$ 973,46","R$ 1.065,80","","R$ 3.539,04","","","","","","",""
"domingo 11/01","R$ 1.226,48","R$ 1.965,89","R$ 1.140,10","","R$ 4.332,47","","","","","","",""
"Terça 13/01 ","R$ 955,80","R$ 949,51","R$ 440,40","","R$ 2.345,71","","","","","","",""
"Quarta 14/01","R$ 702,19","R$ 887,82","R$ 732,30","","R$ 2.322,31","","","","","","",""
"Quinta 15/01","R$ 663,17","R$ 1.313,36","R$ 696,40","","R$ 2.672,93","","","","","","",""
"Sexta 16/01","R$ 836,13","R$ 1.469,04","R$ 893,90","","R$ 3.199,07","","","","","","",""
"sabado 17/01","R$ 1.156,42","R$ 1.552,02","R$ 1.250,20","","R$ 3.958,64","","","","","","",""
"domingo 18/01","R$ 634,12","R$ 1.622,60","R$ 1.442,03","","R$ 3.698,75","","","","","","",""
"Terça 20/01","R$ 793,37","R$ 934,00","R$ 607,50","","R$ 2.334,87","","","","","","",""
"Quarta 21/01 ","R$ 656,30","R$ 616,09","R$ 565,10","","R$ 1.837,49","","","","","","",""
"Quinta 22/01","R$ 541,62","R$ 1.564,59","R$ 470,40","","R$ 2.576,61","","","","","","",""
"Sexta 23/01","R$ 1.355,22","R$ 1.190,99","R$ 840,10","","R$ 3.386,31","","","","","","",""
"sabado 24/01","R$ 1.129,84","R$ 862,82","R$ 898,10","","R$ 2.890,76","","","","","","",""
"domingo 25/01","R$ 799,84","R$ 1.612,65","R$ 1.323,20","","R$ 3.735,69","","","","","","",""
"Terça 27/01","R$ 271,63","R$ 479,91","R$ 629,90","","R$ 1.381,44","","","","","","",""
"Quarta 28/01","R$ 513,02","R$ 1.190,72","R$ 146,30","","R$ 1.850,04","","","","","","",""
"Quinta 29/01","R$ 244,49","R$ 1.014,05","R$ 674,70","","R$ 1.933,24","","","","","","",""
"Sexta 30/01","R$ 1.415,53","R$ 1.281,93","R$ 983,30","","R$ 3.680,76","","","","","","",""
"sabado 31/01","R$ 993,21","R$ 1.745,48","R$ 1.104,01","","R$ 3.842,70","","","","","","",""
"domingo 01/02","R$ 488,24","R$ 2.420,02","R$ 1.179,20","","R$ 4.087,46","","","","","","",""
"Terça 03/02","R$ 515,46","R$ 486,18","R$ 394,60","","R$ 1.396,24","","","","","","",""
"Quarta 04/02","R$ 994,29","R$ 1.069,85","R$ 644,90","","R$ 2.709,04","","","","","","",""
"Quinta 05/02","R$ 479,10","R$ 884,79","R$ 429,60","","R$ 1.793,49","","","","","","",""
"Sexta 06/02","R$ 1.272,65","R$ 1.469,12","R$ 1.509,51","","R$ 4.251,28","","","","","","",""
"sabado 07/02","R$ 895,43","R$ 1.481,77","R$ 1.044,00","","R$ 3.421,20","","","","","","",""
"domingo 08/02","R$ 783,58","R$ 1.705,73","R$ 713,20","","R$ 3.202,51","","","","","","",""
"Terça 10/02","R$ 557,46","R$ 643,77","R$ 578,60","","R$ 1.779,83","","","","","","",""
"Quarta 11/02","R$ 469,66","R$ 727,35","R$ 658,50","","R$ 1.855,51","","","","","","",""
"Quinta 12/02","R$ 1.139,12","R$ 805,38","R$ 458,10","","R$ 2.402,60","","","","","","",""
"Sexta 13/02","R$ 1.868,60","R$ 1.573,84","R$ 910,40","","R$ 4.352,84","","","","","","",""
"sabado 14/02","R$ 1.381,98","R$ 1.499,35","R$ 799,00","","R$ 3.680,33","","","","","","",""
"domingo 15/02","R$ 615,39","R$ 1.335,10","R$ 650,10","","R$ 2.600,59","","","","","","",""
"Terça 17/02","R$ 393,08","R$ 1.252,21","R$ 976,30","","R$ 2.621,59","","","","","","",""
"Quarta 18/02","R$ 224,53","R$ 860,03","R$ 354,51","","R$ 1.439,07","","","","","","",""
"Quinta 19/02","R$ 653,48","R$ 664,98","R$ 529,40","","R$ 1.847,86","","","","","","",""
"Sexta 20/02","R$ 1.161,65","R$ 1.665,03","R$ 1.211,28","","R$ 4.037,96","","","","","","",""
"sabado 21/02","R$ 614,47","R$ 1.411,36","R$ 1.021,20","","R$ 3.047,03","","","","","","",""
"domingo 22/02","R$ 881,59","R$ 1.702,88","R$ 991,00","","R$ 3.575,47","","","","","","",""
"Terça 24/02","R$ 390,29","R$ 404,59","R$ 127,30","","R$ 922,18","","","","","","",""
"Quarta 25/02","R$ 761,84","R$ 1.034,60","R$ 519,00","","R$ 2.315,44","","","","","","",""
"Quinta 26/02","R$ 1.101,95","R$ 958,30","R$ 556,85","","R$ 2.617,10","","","","","","",""
"Sexta 27/02","R$ 1.453,49","R$ 1.558,41","R$ 889,88","","R$ 3.901,78","","","","","","",""
"sabado 28/02","R$ 1.133,46","R$ 1.079,00","R$ 977,44","","R$ 3.189,90","","","","","","",""
"domingo 01/03","R$ 597,87","R$ 1.025,67","R$ 972,30","","R$ 2.595,84","","","","","","",""
"Terça 03/03","R$ 791,77","R$ 867,68","R$ 404,36","","R$ 2.063,81","","","","","","",""
"Quarta 04/03","R$ 668,00","R$ 934,20","R$ 638,15","","R$ 2.240,35","","","","","","",""
"Quinta 05/03","R$ 1.076,88","R$ 552,18","R$ 508,38","","R$ 2.137,44","","","","","","",""
"Sexta 06/03","R$ 1.248,18","R$ 1.706,45","R$ 699,18","","R$ 3.653,81","","","","","","",""
"sabado 07/03","R$ 588,18","R$ 2.653,85","R$ 1.018,15","","R$ 4.260,18","","","","","","",""
"domingo 08/03","R$ 563,61","R$ 1.826,48","R$ 976,60","","R$ 3.366,69","","","","","","",""
"Terça 10/03","R$ 661,13","R$ 611,56","R$ 600,16","","R$ 1.872,85","","","","","","",""
"Quarta 11/03","R$ 924,42","R$ 1.136,87","R$ 476,98","","R$ 2.538,27","","","","","","",""
"Quinta 12/03 ","R$ 639,79","R$ 851,67","R$ 719,06","","R$ 2.210,52","","","","","","",""
"Sexta 13/03","R$ 1.150,84","R$ 1.247,86","R$ 1.098,24","","R$ 3.496,94","","","","","","",""
"sabado 14/03","R$ 791,14","R$ 1.432,41","R$ 496,35","","R$ 2.719,90","","","","","","",""
"domingo 15/03","R$ 719,57","R$ 2.131,93","R$ 577,56","","R$ 3.429,06","","","","","","",""
"terça 17/03","R$ 634,03","R$ 612,38","R$ 313,37","","R$ 1.559,78","","","","","","",""
"quarta 18/03","R$ 318,09","R$ 527,58","R$ 308,98","","R$ 1.154,65","","","","","","",""
"quinta 19/03","R$ 530,31","R$ 450,70","R$ 615,76","","R$ 1.596,77","","","","","","",""
"Sexta 20/03","R$ 1.651,57","R$ 1.267,38","R$ 992,32","","R$ 3.911,27","","","","","","",""
"sabado 21/03","R$ 545,81","R$ 836,24","R$ 645,47","","R$ 2.027,52","","","","","","",""
"domingo 22/03","R$ 728,25","R$ 1.448,24","R$ 1.005,32","","R$ 3.181,81","","","","","","",""
"Terça 24/03","R$ 755,11","R$ 438,32","R$ 521,27","","R$ 1.714,70","","","","","","",""
"Quarta 25/03","R$ 904,50","R$ 918,30","R$ 287,97","","R$ 2.110,77","","","","","","",""
"Quinta 26/03","R$ 996,62","R$ 792,31","R$ 483,16","","R$ 2.272,09","","","","","","",""
"Sexta 27/03","R$ 1.313,98","R$ 1.212,51","R$ 533,05","","R$ 3.059,54","","","","","","",""
"sabado 28/03","R$ 820,17","R$ 942,32","R$ 666,96","","R$ 2.429,45","","","","","","",""
"domingo 29/03","R$ 577,88","R$ 1.284,35","R$ 1.070,86","","R$ 2.933,09","","","","","","",""
"Terça 31/03","R$ 694,71","R$ 644,07","R$ 202,35","","R$ 1.541,13","","","","","","",""
"Quarta 01/04 ","R$ 836,53","R$ 732,43","R$ 282,96","","R$ 1.851,92","","","","","","",""
"Quinta 02/04","R$ 649,70","R$ 1.110,82","R$ 708,77","","R$ 2.469,29","","","","","","",""
"Sexta 03/04","R$ 439,75","R$ 1.012,47","R$ 125,39","","R$ 1.577,61","","","","","","",""
"sábado 04/04","R$ 713,85","R$ 1.679,57","R$ 549,98","","R$ 2.943,40","","","","","","",""
"domingo 05/04","R$ 743,48","R$ 1.802,11","R$ 120,49","","R$ 2.666,08","","","","","","",""
"Terça 07/04","R$ 1.060,46","R$ 272,78","R$ 418,47","","R$ 1.751,71","","","","","","",""
"quarta 08/04","R$ 1.194,24","R$ 470,36","R$ 265,50","","R$ 1.930,10","","","","","","",""
"quinta 09/04","R$ 947,30","R$ 271,24","R$ 191,75","","R$ 1.410,29","","","","","","",""
"sexta 10/04","R$ 1.992,76","R$ 996,74","R$ 455,55","","R$ 3.445,05","","","","","","",""
"sábado 11/04","R$ 515,36","R$ 1.051,57","R$ 363,61","","R$ 1.930,54","","","","","","",""
"domingo 12/04","R$ 704,32","R$ 895,22","R$ 490,98","","R$ 2.090,52","","","","","","",""
"terça 14/04","R$ 883,27","R$ 562,89","R$ 295,54","","R$ 1.741,70","","","","","","",""
"quarta 15/04","R$ 725,09","R$ 566,86","R$ 177,28","","R$ 1.469,23","","","","","","",""
"quinta 16/04","R$ 1.004,02","R$ 580,71","R$ 421,40","","R$ 2.006,13","","","","","","",""
"Sexta 17/04","R$ 1.440,70","R$ 732,16","R$ 1.089,11","","R$ 3.261,97","","","","","","",""
"sábado 18/04","R$ 611,50","R$ 666,67","R$ 1.025,39","","R$ 2.303,56","","","","","","",""
"domingo 19/04","R$ 676,99","R$ 590,43","R$ 1.662,88","","R$ 2.930,30","","","","","","",""
"Terça 21/04","R$ 634,58","R$ 495,32","R$ 915,88","","R$ 2.045,78","","","","","","",""
"Quarta 22/04","R$ 556,71","R$ 498,55","R$ 669,57","","R$ 1.724,83","","","","","","",""
"Quinta 23/04","R$ 641,06","R$ 191,90","R$ 304,40","","R$ 1.137,36","","","","","","",""
"Sexta 24/04","R$ 1.033,68","R$ 350,76","R$ 760,66","","R$ 2.145,10","","","","","","",""
"sábado 25/04","R$ 753,33","R$ 722,44","R$ 662,46","","R$ 2.138,23","","","","","","",""
"domingo 26/04","R$ 935,07","R$ 906,64","R$ 986,12","","R$ 2.827,83","","","","","","",""
"Terça 28/04","R$ 814,48","R$ 543,46","R$ 639,72","","R$ 1.997,66","","","","","","",""
"Quarta 29/04","R$ 1.077,59","R$ 571,49","R$ 658,22","","R$ 2.307,30","","","","","","",""
"Quinta 30/04","R$ 935,95","R$ 668,17","R$ 1.047,39","","R$ 2.651,51","","","","","","",""
"Sexta 01/05","R$ 1.218,39","R$ 810,67","R$ 1.203,27","","R$ 3.232,33","","","","","","",""
"sábado 02/05","R$ 765,10","R$ 1.295,28","R$ 633,33","","R$ 2.693,71","","","","","","",""
"domingo 03/05","R$ 808,01","R$ 914,85","R$ 1.204,74","","R$ 2.927,60","","","","","","",""
"Terça 05/05","R$ 644,18","R$ 366,14","R$ 442,12","","R$ 1.452,44","","","","","","",""
"Quarta 06/05","R$ 1.010,11","R$ 469,35","R$ 462,16","","R$ 1.941,62","","","","","","",""
"Quinta 07/05","R$ 1.173,30","R$ 943,00","R$ 902,68","","R$ 3.018,98","","","","","","",""
"Sexta 08/05","R$ 1.366,74","R$ 1.273,53","R$ 629,07","","R$ 3.269,34","","","","","","",""
"sábado 09/05","R$ 956,55","R$ 1.273,39","R$ 1.030,44","","R$ 3.260,38","","","","","","",""
"domingo 10/05","R$ 423,77","R$ 1.582,73","R$ 732,16","","R$ 2.738,66","","","","","","",""
"Terça 12/05","R$ 1.032,12","R$ 967,94","R$ 371,99","","R$ 2.372,05","","","","","","",""
"Quarta 13/05 ","R$ 693,90","R$ 313,45","R$ 1.009,27","","R$ 2.016,62","","","","","","",""
"Quinta14/05","R$ 1.105,23","R$ 584,01","R$ 863,15","","R$ 2.552,39","","","","","","",""
"Sexta 15/05","R$ 1.153,33","R$ 1.423,60","R$ 931,23","","R$ 3.508,16","","","","","","",""
"sábado 16/05","R$ 901,21","R$ 917,00","R$ 692,48","","R$ 2.510,69","","","","","","",""
"domingo 17/05","R$ 923,51","R$ 1.407,56","R$ 1.136,40","","R$ 3.467,47","","","","","","",""
"Terça 19/05","R$ 1.084,08","R$ 1.333,98","R$ 518,69","","R$ 2.936,75","","","","","","",""
"Quarta 20/05","R$ 644,46","R$ 247,64","R$ 665,93","","R$ 1.558,03","","","","","","",""
"Quinta 21/05","R$ 935,74","R$ 714,80","R$ 693,95","","R$ 2.344,49","","","","","","",""
"Sexta 22/05","R$ 1.376,00","R$ 1.302,54","R$ 1.032,67","","R$ 3.711,21","","","","","","",""
"sábado 23/05","R$ 744,17","R$ 1.016,29","R$ 594,27","","R$ 2.354,73","","","","","","",""
"domingo 24/05","R$ 907,42","R$ 994,91","R$ 940,53","","R$ 2.842,86","","","","","","",""
"Terça 26/05","R$ 85,80","R$ 75,68","R$ 303,35","","R$ 464,83","","","","","","",""
"Quarta 27/05","R$ 160,46","R$ 313,03","R$ 304,75","","R$ 778,24","","","","","","",""
"Quinta 28/05","R$ 180,47","R$ 464,03","R$ 176,36","","R$ 820,86","","","","","","",""
"Sexta 29/05","R$ 265,80","R$ 1.016,16","R$ 686,22","","R$ 1.968,18","","","","","","",""
"sábado 30/05","R$ 332,60","R$ 919,72","R$ 946,20","","R$ 2.198,52","","","","","","",""
"domingo 31/05","R$ 224,48","R$ 1.084,62","R$ 896,73","","R$ 2.205,83","","","","","","",""
"Terça 02/06","R$ 357,11","R$ 594,58","R$ 425,81","","R$ 1.377,50","","","","","","",""
"Quarta 03/06","R$ 226,26","R$ 972,55","R$ 1.270,03","","R$ 2.468,84","","","","","","",""
"Quinta 04/06","R$ 650,43","R$ 1.219,24","R$ 1.077,90","","R$ 2.947,57","","","","","","",""
"Sexta 05/06","R$ 786,67","R$ 880,12","R$ 695,13","","R$ 2.361,92","","","","","","",""
"sábado 06/06","R$ 421,24","R$ 1.670,92","R$ 1.019,91","","R$ 3.112,07","","","","","","",""
"domingo 07/06","R$ 657,91","R$ 1.434,84","R$ 590,10","","R$ 2.682,85","","","","","","",""
"Terça 09/06","R$ 376,28","R$ 659,75","R$ 528,64","","R$ 1.564,67","","","","","","",""
"Quarta 10/06","R$ 435,91","R$ 798,75","R$ 429,47","","R$ 1.664,13","","","","","","",""
"Quinta 11/06","R$ 303,27","R$ 1.111,14","R$ 820,40","","R$ 2.234,81","","","","","","",""
"Sexta 12/06","R$ 742,49","R$ 927,20","R$ 1.331,31","","R$ 3.001,00","","","","","","",""
"sábado 13/06","R$ 620,21","R$ 362,97","R$ 671,88","","R$ 1.655,06","","","","","","",""
"domingo 14/06","R$ 251,96","R$ 1.250,06","R$ 1.165,03","","R$ 2.667,05","","","","","","",""
"Terça 16/06","R$ 264,75","R$ 616,02","R$ 624,04","","R$ 1.504,81","","","","","","",""
"Quarta 17/06","R$ 641,29","R$ 605,69","R$ 996,68","","R$ 2.243,66","","","","","","",""
"Quinta 18/06","R$ 1.207,52","R$ 598,75","R$ 396,99","","R$ 2.203,26","","","","","","",""
"Sexta 19/06","R$ 779,64","R$ 810,97","R$ 1.574,58","","R$ 3.165,19","","","","","","",""
"sábado 20/06","R$ 776,48","R$ 1.778,66","R$ 1.070,46","","R$ 3.625,60","","","","","","",""
"domingo 21/06","R$ 1.996,68","R$ 1.109,97","R$ 1.360,96","","R$ 4.467,61","","","","","","",""
"Terça 23/06","R$ 517,32","R$ 684,29","R$ 1.036,83","","R$ 2.238,44","","","","","","",""
"Quarta 24/06","R$ 773,06","R$ 1.253,61","R$ 694,25","","R$ 2.720,92","","","","","","",""
"Quinta 25/06","R$ 826,42","R$ 456,15","R$ 456,93","","R$ 1.739,50","","","","","","",""
"Sexta 26/06","R$ 1.953,44","R$ 943,82","R$ 1.821,79","","R$ 4.719,05","","","","","","",""
"sábado 27/06","R$ 2.223,76","R$ 1.617,67","R$ 1.489,00","","R$ 5.330,43","","","","","","",""
"domingo 28/06","R$ 1.941,32","R$ 1.708,97","R$ 1.732,82","","R$ 5.383,11","","","","","","",""
"Terça 30/06","R$ 697,27","R$ 327,32","R$ 803,27","R$ 521,40","R$ 2.349,26","","","","","","",""
"Quarta 01/07","R$ 1.364,08","R$ 912,60","R$ 662,51","R$ 502,32","R$ 3.441,51","","","","","","",""
"Quinta 02/07","R$ 1.512,89","R$ 808,55","R$ 788,32","R$ 776,42","R$ 3.886,18","","","","","","",""
"Sexta 03/07","R$ 2.267,88","R$ 1.090,56","R$ 1.696,54","R$ 1.652,36","R$ 6.707,34","","","","","","",""
"sábado 04/07","R$ 3.206,60","R$ 1.190,37","R$ 1.729,65","R$ 3.349,11","R$ 9.475,73","","","","","","",""
"domingo 05/07","R$ 2.438,18","R$ 2.069,44","R$ 863,54","R$ 2.045,15","R$ 7.416,31","","","","","","",""
"Terça 07/07","R$ 1.350,15","R$ 2.274,81","R$ 517,98","R$ 1.360,04","R$ 5.502,98","","","","","","",""
"Quarta 08/07","R$ 1.489,55","R$ 1.098,57","R$ 1.216,13","R$ 1.806,76","R$ 5.611,01","","","","","","",""
"Quinta 09/07","R$ 1.096,30","R$ 970,67","R$ 1.148,64","R$ 3.183,54","R$ 6.399,15","","","","","","",""
"Sexta 10/07","R$ 2.009,14","R$ 1.088,98","R$ 1.102,89","R$ 2.507,40","R$ 6.708,41","","","","","","",""
"Sábado 11/07","R$ 2.169,90","R$ 569,68","R$ 1.196,38","R$ 3.245,65","R$ 7.181,61","","","","","","",""
"Domingo 12//07","R$ 1.800,75","R$ 1.053,25","R$ 1.033,52","R$ 2.824,74","R$ 6.712,26","","","","","","",""
"Terça 14/07","R$ 694,51","R$ 481,70","R$ 603,20","R$ 1.747,32","R$ 3.526,73","","","","","","",""
"Quarta 15/07","R$ 764,34","R$ 748,74","R$ 689,34","R$ 2.816,24","R$ 5.018,66","","","","","","",""
"Quinta 16/07","R$ 1.520,49","R$ 343,59","R$ 933,59","R$ 2.186,33","R$ 4.984,00","","","","","","",""
"Sexta 17/07","R$ 1.443,86","R$ 1.070,44","R$ 831,59","R$ 3.324,57","R$ 6.670,46","","","","","","",""
"sábado 18/07","R$ 1.909,20","R$ 700,00","R$ 1.075,62","R$ 4.070,75","R$ 7.755,57","","","","","","",""
"domingo 19/07","R$ 1.169,79","R$ 1.566,98","R$ 1.174,95","R$ 4.228,96","R$ 8.140,68","","","","","","",""
"Terça 21/07","R$ 763,21","R$ 550,16","R$ 728,24","R$ 2.414,48","R$ 4.456,09","","","","","","",""
"Quarta 22/07","R$ 555,80","R$ 470,44","R$ 785,22","R$ 1.873,31","R$ 3.684,77","","","","","","",""
"Quinta 23/07","R$ 433,09","R$ 370,18","R$ 691,37","R$ 1.448,96","R$ 2.943,60","","","","","","",""
"Sexta 24/07","R$ 1.947,22","R$ 739,09","R$ 891,21","R$ 3.654,61","R$ 7.232,13","","","","","","",""
"sábado 25/07","R$ 2.051,55","R$ 877,85","R$ 1.251,50","R$ 3.678,21","R$ 7.859,11","","","","","","",""
"domingo 26/07","R$ 2.682,06","R$ 672,30","R$ 1.285,49","R$ 5.011,65","R$ 9.651,50","","","","","","",""
"Terça 28/07","R$ 1.073,87","R$ 134,96","R$ 571,83","R$ 2.577,58","R$ 4.358,24","","","","","","",""
"Quarta 29/07","R$ 494,45","R$ 964,81","R$ 860,96","R$ 2.379,46","R$ 4.699,68","","","","","","",""
"Quinta 30/07","R$ 1.639,63","R$ 539,35","R$ 762,84","R$ 2.622,78","R$ 5.564,60","","","","","","",""
"Sexta 31/07","R$ 1.124,89","R$ 451,35","R$ 803,39","R$ 4.252,63","R$ 6.632,26","","","","","","",""
"sábado 01/08","R$ 3.301,18","R$ 517,38","R$ 1.145,07","R$ 4.480,34","R$ 9.443,97","","","","","","",""
"domingo 02/08","R$ 2.718,29","R$ 891,32","R$ 1.570,26","R$ 5.653,38","R$ 10.833,25","","","","","","",""
"Terça 04/08","R$ 539,46","R$ 547,30","R$ 471,39","R$ 2.114,92","R$ 3.673,07","","","","","","",""
"Quarta 05/08 ","","","","","R$ 0,00","","","","","","",""
"Quinta 06/08","","","","","R$ 0,00","","","","","","",""
"Sexta 07/08","","","","","R$ 0,00","","","","","","",""
"sábado 08/08","","","","","R$ 0,00","","","","","","",""
"domingo 09/08","","","","","R$ 0,00","","","","","","",""